samples_per_class,accuracy,label,precision,recall,f1-score,support
25,0.6148802017654477,0,0.6308851224105462,0.938,0.7543831429950136,5000
25,0.6148802017654477,1,0.375,0.06348122866894199,0.1085814360770578,2930
50,0.6992433795712484,0,0.7140284825667048,0.8724,0.7853092087496625,5000
50,0.6992433795712484,1,0.6496430532674354,0.4037542662116041,0.4980004209640076,2930
75,0.6970996216897857,0,0.7248182762201454,0.8376,0.7771386156986454,5000
75,0.6970996216897857,1,0.6226765799256505,0.4573378839590443,0.5273514364423455,2930
100,0.7123581336696091,0,0.7219591836734693,0.8844,0.7949662921348315,5000
100,0.7123581336696091,1,0.6797783933518006,0.4187713310580205,0.5182682154171067,2930
125,0.7233291298865069,0,0.7221342621912603,0.9122,0.8061152350653942,5000
125,0.7233291298865069,1,0.7280049566294919,0.401023890784983,0.5171654929577465,2930
150,0.7266078184110971,0,0.7174447174447175,0.9344,0.8116747741487144,5000
150,0.7266078184110971,1,0.768688293370945,0.3720136518771331,0.5013799448022079,2930
175,0.7345523329129886,0,0.7198845511165123,0.9478,0.8182681516014849,5000
175,0.7345523329129886,1,0.8062360801781737,0.3706484641638225,0.5078325929389759,2930
200,0.7384615384615385,0,0.7200661853188929,0.9574,0.8219436813186813,5000
200,0.7384615384615385,1,0.8338533541341654,0.3648464163822526,0.5075973409306742,2930
225,0.7438839848675914,0,0.7223970037453183,0.9644,0.8260385438972163,5000
225,0.7438839848675914,1,0.8581673306772908,0.3675767918088737,0.5146953405017921,2930
250,0.7475409836065574,0,0.723397913561848,0.9708,0.8290350128095645,5000
250,0.7475409836065574,1,0.8803278688524591,0.3665529010238908,0.5175903614457832,2930
275,0.7481715006305171,0,0.722873682648063,0.974,0.8298543068927324,5000
275,0.7481715006305171,1,0.8910310142497905,0.3627986348122867,0.5156439485811303,2930
300,0.7498108448928121,0,0.7228132387706856,0.9784,0.831407205982325,5000
300,0.7498108448928121,1,0.9070567986230637,0.3597269624573379,0.5151515151515151,2930
325,0.7508196721311475,0,0.721830985915493,0.984,0.8327691266079892,5000
325,0.7508196721311475,1,0.9281867145421903,0.352901023890785,0.5113748763600395,2930
350,0.7525851197982345,0,0.7204644412191582,0.9928,0.8349873843566021,5000
350,0.7525851197982345,1,0.9653846153846154,0.3426621160409556,0.5057934508816121,2930
375,0.7515762925598991,0,0.7208454810495627,0.989,0.8338954468802698,5000
375,0.7515762925598991,1,0.9485981308411215,0.3464163822525597,0.5075,2930
400,0.7467843631778058,0,0.7201942890785987,0.9786,0.8297439375953874,5000
400,0.7467843631778058,1,0.9058098591549296,0.3511945392491467,0.5061485489424495,2930
425,0.7551071878940732,0,0.7230814123139773,0.9912,0.8361734435633541,5000
425,0.7551071878940732,1,0.9591078066914498,0.3522184300341297,0.5152271592611083,2930
450,0.7515762925598991,0,0.7207811133780239,0.9892,0.8339234530433316,5000
450,0.7515762925598991,1,0.949438202247191,0.3460750853242321,0.5072536268134067,2930
475,0.7520807061790669,0,0.7204301075268817,0.9916,0.8345396397912809,5000
475,0.7520807061790669,1,0.9599236641221374,0.3433447098976109,0.5057817998994469,2930
500,0.7539722572509457,0,0.7220037862239697,0.9916,0.8355945057723098,5000
500,0.7539722572509457,1,0.9604891815616181,0.3484641638225256,0.5113949411470072,2930
525,0.7542244640605297,0,0.7216974276994623,0.9932,0.8359565693123474,5000
525,0.7542244640605297,1,0.9675881792183031,0.3464163822525597,0.5101784367931641,2930
550,0.7532156368221942,0,0.721180404128507,0.9922,0.8352554928866066,5000
550,0.7532156368221942,1,0.9628924833491912,0.3453924914675768,0.5084149711127858,2930
575,0.7548549810844892,0,0.7215777262180975,0.9952,0.8365837256220578,5000
575,0.7548549810844892,1,0.97678916827853,0.3447098976109215,0.5095862764883956,2930
600,0.7538461538461538,0,0.720933603943172,0.9946,0.8359388132459237,5000
600,0.7538461538461538,1,0.9738372093023255,0.3430034129692833,0.5073195355880868,2930
625,0.7549810844892813,0,0.7219398867431392,0.9944,0.8365441238327584,5000
625,0.7549810844892813,1,0.9731543624161074,0.3464163822525597,0.5109489051094891,2930
650,0.7549810844892813,0,0.7214896391827271,0.9958,0.8367364087051509,5000
650,0.7549810844892813,1,0.9795918367346939,0.3440273037542662,0.5092194998737055,2930
675,0.7546027742749054,0,0.7213685126123514,0.9952,0.8364430996806186,5000
675,0.7546027742749054,1,0.9767441860465116,0.3440273037542662,0.508833922261484,2930
700,0.7547288776796973,0,0.7213447326474424,0.9956,0.8365683556003697,5000
700,0.7547288776796973,1,0.9786200194363459,0.3436860068259386,0.5087143217984339,2930
725,0.7567465321563682,0,0.7228915662650602,0.996,0.8377491799142064,5000
725,0.7567465321563682,1,0.9807877041306436,0.3484641638225256,0.5142281541173508,2930
750,0.7546027742749054,0,0.7212402202260214,0.9956,0.836498067551672,5000
750,0.7546027742749054,1,0.9785992217898832,0.3433447098976109,0.5083375442142496,2930
775,0.7539722572509457,0,0.7218745451899287,0.992,0.8356499031252632,5000
775,0.7539722572509457,1,0.9622285174693107,0.3477815699658703,0.5109049887189772,2930
800,0.7562421185372005,0,0.7226012483669618,0.9956,0.8374127344604256,5000
800,0.7562421185372005,1,0.978866474543708,0.3477815699658703,0.5132208511709897,2930
825,0.7543505674653216,0,0.7214161346488682,0.9944,0.836192398250925,5000
825,0.7543505674653216,1,0.9730250481695568,0.3447098976109215,0.5090725806451613,2930
850,0.7547288776796973,0,0.7211524540321413,0.9962,0.8366507096665827,5000
850,0.7547288776796973,1,0.9814271749755621,0.3426621160409556,0.5079686314191754,2930
875,0.7566204287515763,0,0.7227219965177016,0.9962,0.8377060208543559,5000
875,0.7566204287515763,1,0.9816955684007708,0.3477815699658703,0.5136088709677419,2930
900,0.7566204287515763,0,0.7222704894294816,0.9976,0.8378968587266924,5000
900,0.7566204287515763,1,0.98828125,0.3453924914675768,0.5118866970156803,2930
925,0.7554854981084489,0,0.7216509775524982,0.9966,0.837127257454851,5000
925,0.7554854981084489,1,0.9834146341463414,0.3440273037542662,0.5097345132743363,2930
950,0.7568726355611601,0,0.7228024369016536,0.9966,0.8379014629224819,5000
950,0.7568726355611601,1,0.9835907335907336,0.3477815699658703,0.51386787695411,2930
975,0.7566204287515763,0,0.7226573832317957,0.9964,0.8377333109130655,5000
975,0.7566204287515763,1,0.9826254826254827,0.3474402730375427,0.513363590519415,2930
1000,0.7563682219419924,0,0.7225123295619379,0.9962,0.8375651589036489,5000
1000,0.7563682219419924,1,0.9816602316602316,0.347098976109215,0.5128593040847201,2930
